题目,Flag,一血获得者,组别,提交时间
[tutorial-signin] 签到,/,#所以我退出了比赛,校外选手,2025-10-17 18:03:10
[tutorial-trivia] 北清问答,/,卡题巴拉,校外选手,2025-10-18 01:05:54
[tutorial-trivia] 北清问答,𝓢𝓤𝓝𝓕𝓐𝓓𝓔𝓓,DarkTooth,清华大学,2025-10-17 19:23:15
[tutorial-trivia] 北清问答,ℂ𝕆ℕ𝕋ℝ𝔸𝕊𝕋,卡题巴拉,校外选手,2025-10-18 01:05:54
[misc-agent] 别样的人机大战,/,zhc7,清华大学,2025-10-17 18:33:45
[misc-agent] 别样的人机大战,Level 1,zysgmzb,校外选手,2025-10-17 18:13:49
[misc-agent] 别样的人机大战,Level 2,zhc7,清华大学,2025-10-17 18:33:45
[misc-wardenpp] Warden++,/,stellalyRin,校外选手,2025-10-17 18:50:00
[misc-paper] 开源论文太少了！,/,piscesciurus #このあと、死にます。,校外选手,2025-10-18 12:27:35
[misc-paper] 开源论文太少了！,\ref{fig:flag-1},piscesciurus #このあと、死にます。,校外选手,2025-10-18 12:27:35
[misc-paper] 开源论文太少了！,\ref{fig:flag-2},piscesciurus #このあと、死にます。,校外选手,2025-10-18 12:13:38
[misc-ransomware] 勒索病毒,/,piscesciurus #このあと、死にます。,校外选手,2025-10-19 10:47:41
[misc-ransomware] 勒索病毒,发现威胁,Ishisashi #大腿拍断 #赛后和ct进行一个基,校外选手,2025-10-18 18:38:04
[misc-ransomware] 勒索病毒,忽略威胁,Kurumi #ザフキエル,校外选手,2025-10-18 20:23:33
[misc-ransomware] 勒索病毒,支付比特币,piscesciurus #このあと、死にます。,校外选手,2025-10-19 10:47:41
[misc-DFIR] 取证大师,/,Alex Tang,校外选手,2025-10-19 10:26:56
[misc-DFIR] 取证大师,Flag 1,🏄‍♂️🌊❄️🦅 #锂离子单推人,北京大学,2025-10-18 12:22:16
[misc-DFIR] 取证大师,Flag 2,Alex Tang,校外选手,2025-10-19 10:26:56
[web-calcaas] 小北的计算器,/,卡题巴拉,校外选手,2025-10-17 23:25:41
[web-graphauth] 统一身份认证,/,JingBh #github.com/JingBh #只会web,校外选手,2025-10-18 17:04:18
[web-graphauth] 统一身份认证,Flag 1】并抢了【你的,taoky | 上班了，大概不做题,校外选手,2025-10-18 13:21:31
[web-graphauth] 统一身份认证,Flag 2】并抢了【你的,JingBh #github.com/JingBh #只会web,校外选手,2025-10-18 15:03:30
[web-ezmcp] EzMCP,/,idawnlight,校外选手,2025-10-18 20:34:55
[web-ezmcp] EzMCP,Flag1之AI带师,FranGuam,清华大学,2025-10-18 19:16:45
[web-ezmcp] EzMCP,Flag2之AI传奇,idawnlight,校外选手,2025-10-18 20:34:55
[web-clash] 提权潜兵 · 新指导版,/,🏄‍♂️🌊❄️🦅 #锂离子单推人,北京大学,2025-10-18 03:17:11
[web-clash] 提权潜兵 · 新指导版,清凉,🏄‍♂️🌊❄️🦅 #锂离子单推人,北京大学,2025-10-17 20:56:40
[web-clash] 提权潜兵 · 新指导版,炽热,🏄‍♂️🌊❄️🦅 #锂离子单推人,北京大学,2025-10-18 03:17:11
[web-grafana] 高可信数据大屏,/,JingBh #github.com/JingBh #只会web,校外选手,2025-10-19 12:51:11
[web-grafana] 高可信数据大屏,湖仓一体？,taoky | 上班了，大概不做题,校外选手,2025-10-18 18:33:04
[web-grafana] 高可信数据大屏,数据飞轮！,JingBh #github.com/JingBh #只会web,校外选手,2025-10-19 12:51:11
[binary-unity] 团结引擎,/,LTC,校外选手,2025-10-17 18:37:28
[binary-unity] 团结引擎,Flag 1: 初入吉园,LTC,校外选手,2025-10-17 18:37:28
[binary-unity] 团结引擎,Flag 2: 视力锻炼,LTC,校外选手,2025-10-17 18:16:03
[binary-unity] 团结引擎,Flag 3: 修改大师,LTC,校外选手,2025-10-17 18:36:06
[binary-ffi] 枚举高手的 bomblab 审判,/,Rowan,北京大学,2025-10-18 20:21:34
[binary-ffi] 枚举高手的 bomblab 审判,第一案,鱼丸 'or 1=1#,校外选手,2025-10-18 20:11:37
[binary-ffi] 枚举高手的 bomblab 审判,第二案,Rowan,北京大学,2025-10-18 20:21:34
[binary-java] 7 岁的毛毛：我要写 Java,/,ShellWen #快跑有福瑞 #欢迎报考上饶职院,校外选手,2025-10-19 14:00:05
[binary-java] 7 岁的毛毛：我要写 Java,爪哇蛋羹,爱人的人获得自由,校外选手,2025-10-17 18:13:51
[binary-java] 7 岁的毛毛：我要写 Java,爪哇西兰花,optimize_2 #UCAS,校外选手,2025-10-17 21:19:55
[binary-java] 7 岁的毛毛：我要写 Java,爪哇羊腿,ShellWen #快跑有福瑞 #欢迎报考上饶职院,校外选手,2025-10-19 14:00:05
[binary-RPGGame] RPGGame,/,Muel'Nova  #顶护找我,北京大学,2025-10-19 18:32:25
[binary-RPGGame] RPGGame,CLI,Muel'Nova  #顶护找我,北京大学,2025-10-18 23:16:48
[binary-RPGGame] RPGGame,TUI,Muel'Nova  #顶护找我,北京大学,2025-10-19 18:32:25
[binary-safekernel] 传统 C 语言核易危,/,Muel'Nova  #顶护找我,北京大学,2025-10-23 02:09:42
[binary-safekernel] 传统 C 语言核易危,飞沙走石,Muel'Nova  #顶护找我,北京大学,2025-10-18 14:30:18
[binary-safekernel] 传统 C 语言核易危,力拔山兮,Muel'Nova  #顶护找我,北京大学,2025-10-23 02:09:42
[algo-market] 股票之神,/,wasa855,北京大学,2025-10-18 13:30:52
[algo-market] 股票之神,我是巴菲特,wasa855,北京大学,2025-10-18 12:12:56
[algo-market] 股票之神,我是股票女王,1234567890,清华大学（新生）,2025-10-18 12:50:49
[algo-market] 股票之神,我是股票之神,wasa855,北京大学,2025-10-18 13:30:52
[algo-tree] 我放弃了一 key 到底,/,42,校外选手,2025-10-18 15:49:07
[algo-oracle2] 千年讲堂的方形轮子 II,/,Aqua Cat? #😿,校外选手,2025-10-18 10:19:59
[algo-oracle2] 千年讲堂的方形轮子 II,Level 1,misaka,校外选手,2025-10-17 18:33:06
[algo-oracle2] 千年讲堂的方形轮子 II,Level 2,Aqua Cat? #😿,校外选手,2025-10-17 23:15:42
[algo-oracle2] 千年讲堂的方形轮子 II,Level 3,Aqua Cat? #😿,校外选手,2025-10-18 10:19:59
[algo-ACG] 高级剪切几何,/,zhc7,清华大学,2025-10-18 02:03:50
[algo-ACG] 高级剪切几何,The Truth,zhc7,清华大学,2025-10-17 21:19:32
[algo-ACG] 高级剪切几何,The Kernel,zhc7,清华大学,2025-10-18 02:03:50
[algo-slide] 滑滑梯加密,/,Sweetlemon #哪怕伤痕累累 哪怕再添新伤,清华大学,2025-10-19 02:27:51
[algo-slide] 滑滑梯加密,拿到 easy flag 只能给你 3.3,42,校外选手,2025-10-18 18:20:16
[algo-slide] 滑滑梯加密,拿到 hard flag 才有 4.0,Sweetlemon #哪怕伤痕累累 哪怕再添新伤,清华大学,2025-10-19 02:27:51
